{"great": [0.5682557965917352, 0.1769376699229997, 0.18993643512543762, -0.2780914082047979, -0.8753156815199822, -0.14616440151329266, 0.2393909224973446, -0.31070291720579224, 0.619983209563438, 0.16617984462002244], "cool": [0.5641256072125873, 0.1372298265830544, 0.20823648035171752, -0.2929695723456364, -0.8704480862547578, -0.18822962799771004, 0.24239616047158682, -0.2941009195992255, 0.6979644655991712, 0.21475297647656116], "brilliant": [0.5918855018013451, 0.10397786927770164, 0.18125409832798153, -0.3249417806914037, -0.8565376508947542, -0.17966721391513163, 0.2603509816471901, -0.3289324465724494, 0.6604228461904655, 0.24158225625024798], "wonderful": [0.5336813277875314, 0.15884523607312173, 0.2651843805368251, -0.34389277627100584, -0.8491692008120085, -0.1861321742254195, 0.26724085300405015, -0.31809103059724775, 0.6581041757437852, 0.2004443498335109], "well": [0.5893339401809646, 0.17311813201184945, 0.26909656417479744, -0.30740190098292824, -0.8500390052604695, -0.1887189699624789, 0.27101121903362385, -0.3002421502644919, 0.5689872204434445, 0.15369399612858045], "amazing": [0.5902038867844642, 0.14902291975965967, 0.21315969705653706, -0.31422646036679047, -0.9096476218964348, -0.17471907820831542, 0.2744097761939362, -0.2878009614247629, 0.6262885326051715, 0.21474172972714706], "worth": [0.5130535106477778, 0.12034173054704309, 0.1958738363180416, -0.31643691396240403, -0.8606295772705056, -0.15101162886733976, 0.22113241716100857, -0.26972358950629444, 0.6690196658223427, 0.16036078186161515], "sweet": [0.5503643010832925, 0.17143189756236132, 0.19039362530118092, -0.3224209551731602, -0.8138360944646921, -0.1834627085324834, 0.23271938859805785, -0.2626053000415244, 0.625720356811847, 0.24871943007675437], "enjoyable": [0.5738392051934846, 0.12461914284456149, 0.17510717277873974, -0.33024605280163594, -0.7874929465033426, -0.17067349112504746, 0.24587717337924989, -0.2837594997695822, 0.6546620471931932, 0.2348916423233692], "boring": [0.5240450095785572, 0.15703282247734576, 0.18486578812352433, -0.29901300482242477, -0.8831747584261088, -0.18115865274114754, 0.22235910278043794, -0.3175688226803139, 0.5988034434028021, 0.17092555144264807], "bad": [0.5360316771649711, 0.08934057914047368, 0.22010265910609378, -0.30958468615269724, -0.8809548868530364, -0.14538972298246006, 0.21710437130796886, -0.23807251098545715, 0.6330703998035977, 0.24369857228293254], "dumb": [0.5707119169157069, 0.1380145076776178, 0.2641854971871885, -0.2713492816853864, -0.809081954557359, -0.11288020342381058, 0.2872690197930901, -0.320419567490873, 0.6057968690648792, 0.17957977344555878], "annoying": [0.5804388073936804, 0.10213080454123973, 0.17510467165233623, -0.330174200637894, -0.8168968873432684, -0.20307898062832577, 0.21580541902126038, -0.26101166321029445, 0.6339996308459205, 0.20636140785935558], "female": [0.6029723815239832, 0.16789318536724737, 0.22520087305967568, -0.2887330648792561, -0.9146157195054562, -0.22069970363834449, 0.2238454978107193, -0.2716921472488911, 0.6634932978039562, 0.23203231101065191], "male": [0.6188443180311554, 0.17591224836567163, 0.22018040161594704, -0.36456330080079463, -0.9461854369906791, -0.13322604657914647, 0.2991505531133827, -0.3486196050483815, 0.7441098161765463, 0.1977599709720629], "queen": [0.5765894647154781, 0.1319274366786165, 0.2580232704526746, -0.3298032082698653, -0.8289942700272946, -0.19274329913687582, 0.2370984325616217, -0.24203150503481505, 0.5713084097409639, 0.1429892253760585], "king": [0.5560732564209727, 0.17646154128213576, 0.28312342344954805, -0.3367128855390603, -0.9461014688342688, -0.12648395065859483, 0.30612181315592163, -0.3318819712244176, 0.6792991341085511, 0.19131773485838036], "man": [0.6051631423709495, 0.17830144563644149, 0.22784621923285925, -0.296117892201953, -0.9034636471542415, -0.1455665043390458, 0.20202598684749784, -0.2637285354241913, 0.6768741056545701, 0.2142922591761179], "woman": [0.5439297636260639, 0.10716810158149415, 0.19338139148668101, -0.30638888462724007, -0.9005115497465598, -0.19854245727352385, 0.28882419764825346, -0.31693694288027674, 0.6655769452543199, 0.24864052935984074], "rain": [0.6298504912050584, 0.1230163538085278, 0.22052743188216303, -0.3041738805628178, -0.8506257387146209, -0.1733969491635805, 0.22410525920744057, -0.3446052500693223, 0.7252580609208233, 0.2424684465932567], "snow": [0.5716586741468971, 0.16715752620553284, 0.2811586315804148, -0.2976175714836573, -0.9075508328669515, -0.18167262677197626, 0.23397083517042522, -0.2998148033711087, 0.7592476519212542, 0.2640055409419275], "hail": [0.42533821691139195, 0.1380455378374832, 0.21177430565076089, -0.19519807837970896, -0.6816567081869009, -0.10307706377540066, 0.150719901731784, -0.2165401966104437, 0.5309049787787797, 0.11659360626879128], "coffee": [0.5362156564666705, 0.18498536534428106, 0.24044513781837565, -0.2515479584853181, -0.7585156275603342, -0.14980862202505732, 0.25257229022500965, -0.2426775308331782, 0.6620631212565934, 0.22504608361898631], "tea": [0.5401340524210244, 0.17011330010004375, 0.16738954188749103, -0.3114928291060685, -0.7716667733777047, -0.1754473340699853, 0.26496092587065895, -0.25197352059897304, 0.6384983316665089, 0.20143552944512608]}